{"cameraMode":{"drawMode":0,"name":"Shaded","section":"Shading Mode"},"sceneLighting":true,"audioPlay":false,"sceneViewState":{"showFog":true,"showMaterialUpdate":false,"showSkybox":true,"showFlares":true,"showImageEffects":true,"showParticleSystems":true},"in2DMode":false,"pivot":{"x":-18.749786376953126,"y":-27.29916763305664,"z":90.56291961669922},"rotation":{"x":-0.11688866466283798,"y":0.8340969681739807,"z":-0.19381161034107209,"w":-0.5030477643013},"size":77.07040405273438,"orthographic":false}