{"cameraMode":{"drawMode":0,"name":"Shaded","section":"Shading Mode"},"sceneLighting":true,"audioPlay":false,"sceneViewState":{"showFog":true,"showMaterialUpdate":false,"showSkybox":true,"showFlares":true,"showImageEffects":true,"showParticleSystems":true},"in2DMode":false,"pivot":{"x":-1.772933840751648,"y":1.8684918880462647,"z":-0.28577718138694765},"rotation":{"x":-0.20312663912773133,"y":-0.41067442297935488,"z":0.094383105635643,"w":-0.8838506937026978},"size":18.587785720825197,"orthographic":true}