{"cameraMode":{"drawMode":0,"name":"Shaded","section":"Shading Mode"},"sceneLighting":true,"audioPlay":false,"sceneViewState":{"showFog":true,"showMaterialUpdate":false,"showSkybox":true,"showFlares":true,"showImageEffects":true,"showParticleSystems":true},"in2DMode":false,"pivot":{"x":-2.2208545207977297,"y":-0.17789983749389649,"z":4.217902183532715},"rotation":{"x":0.18492425978183747,"y":-0.007370552979409695,"z":0.0013869553804397584,"w":0.9827242493629456},"size":16.24225425720215,"orthographic":false}