{"cameraMode":{"drawMode":0,"name":"Shaded","section":"Shading Mode"},"sceneLighting":true,"audioPlay":false,"sceneViewState":{"showFog":true,"showMaterialUpdate":false,"showSkybox":true,"showFlares":true,"showImageEffects":true,"showParticleSystems":true},"in2DMode":false,"pivot":{"x":330.5718078613281,"y":-31.652053833007814,"z":-14.868209838867188},"rotation":{"x":0.05549365282058716,"y":0.6056921482086182,"z":-0.042405866086483,"w":0.7926285266876221},"size":580.1640014648438,"orthographic":false}