{"cameraMode":{"drawMode":0,"name":"Shaded","section":"Shading Mode"},"sceneLighting":false,"audioPlay":false,"sceneViewState":{"showFog":true,"showMaterialUpdate":false,"showSkybox":false,"showFlares":true,"showImageEffects":true,"showParticleSystems":true},"in2DMode":false,"pivot":{"x":6.890531539916992,"y":4.476526260375977,"z":91.61135864257813},"rotation":{"x":0.06582241505384445,"y":-0.7442231774330139,"z":0.07414165139198303,"w":0.6606812477111816},"size":4.564527988433838,"orthographic":false}