{"cameraMode":{"drawMode":0,"name":"Shaded","section":"Shading Mode"},"sceneLighting":true,"audioPlay":false,"sceneViewState":{"showFog":true,"showMaterialUpdate":false,"showSkybox":true,"showFlares":true,"showImageEffects":true,"showParticleSystems":true},"in2DMode":false,"pivot":{"x":57.073875427246097,"y":-3.941340446472168,"z":94.77642059326172},"rotation":{"x":0.15537269413471223,"y":0.8229894042015076,"z":-0.2689253091812134,"w":0.47563573718070986},"size":21.085845947265626,"orthographic":false}