{"cameraMode":{"drawMode":0,"name":"Shaded","section":"Shading Mode"},"sceneLighting":true,"audioPlay":false,"sceneViewState":{"showFog":true,"showMaterialUpdate":false,"showSkybox":true,"showFlares":true,"showImageEffects":true,"showParticleSystems":true},"in2DMode":false,"pivot":{"x":-2.2001919746398927,"y":1.1235160827636719,"z":-1.8464667797088624},"rotation":{"x":0.13514257967472077,"y":0.6562243700027466,"z":-0.12100507318973541,"w":0.7325215935707092},"size":11.053165435791016,"orthographic":false}