{"cameraMode":{"drawMode":0,"name":"Shaded","section":"Shading Mode"},"sceneLighting":false,"audioPlay":false,"sceneViewState":{"showFog":true,"showMaterialUpdate":false,"showSkybox":false,"showFlares":true,"showImageEffects":true,"showParticleSystems":true},"in2DMode":false,"pivot":{"x":-10.31291675567627,"y":24.97089195251465,"z":176.8306884765625},"rotation":{"x":-0.07782851159572602,"y":0.9161490201950073,"z":-0.2177966684103012,"w":-0.3273819088935852},"size":53.4659423828125,"orthographic":true}