{"cameraMode":{"drawMode":0,"name":"Shaded","section":"Shading Mode"},"sceneLighting":false,"audioPlay":false,"sceneViewState":{"showFog":true,"showMaterialUpdate":false,"showSkybox":false,"showFlares":true,"showImageEffects":true,"showParticleSystems":true},"in2DMode":false,"pivot":{"x":-0.09049107134342194,"y":0.004331495612859726,"z":-0.5583279728889465},"rotation":{"x":0.06919708102941513,"y":-0.7578505277633667,"z":0.08147720247507096,"w":0.643672525882721},"size":0.6464667916297913,"orthographic":false}