{"cameraMode":{"drawMode":0,"name":"Shaded","section":"Shading Mode"},"sceneLighting":true,"audioPlay":false,"sceneViewState":{"showFog":true,"showMaterialUpdate":false,"showSkybox":true,"showFlares":true,"showImageEffects":true,"showParticleSystems":true},"in2DMode":false,"pivot":{"x":-11.534788131713868,"y":-2.7966952323913576,"z":45.718505859375},"rotation":{"x":-0.03863130882382393,"y":0.8400762677192688,"z":-0.06032771244645119,"w":-0.5377536416053772},"size":249.79620361328126,"orthographic":false}