{"cameraMode":{"drawMode":0,"name":"Shaded","section":"Shading Mode"},"sceneLighting":true,"audioPlay":false,"sceneViewState":{"showFog":true,"showMaterialUpdate":false,"showSkybox":true,"showFlares":true,"showImageEffects":true,"showParticleSystems":true},"in2DMode":false,"pivot":{"x":73.79999542236328,"y":36.69999694824219,"z":65.0},"rotation":{"x":-0.024950137361884118,"y":0.9558219909667969,"z":-0.28034502267837527,"w":-0.08510346710681915},"size":2056.423095703125,"orthographic":false}