{"cameraMode":{"drawMode":0,"name":"Shaded","section":"Shading Mode"},"sceneLighting":false,"audioPlay":false,"sceneViewState":{"showFog":true,"showMaterialUpdate":false,"showSkybox":false,"showFlares":true,"showImageEffects":true,"showParticleSystems":true},"in2DMode":false,"pivot":{"x":0.005326822400093079,"y":0.24927681684494019,"z":31.53432846069336},"rotation":{"x":0.10198172181844711,"y":-0.7761504054069519,"z":0.1299215406179428,"w":0.6087761521339417},"size":1.7750816345214844,"orthographic":false}