{"cameraMode":{"drawMode":0,"name":"Shaded","section":"Shading Mode"},"sceneLighting":false,"audioPlay":false,"sceneViewState":{"showFog":true,"showMaterialUpdate":false,"showSkybox":false,"showFlares":true,"showImageEffects":true,"showParticleSystems":true},"in2DMode":false,"pivot":{"x":36.96808624267578,"y":-0.5078052878379822,"z":-3.3297410011291506},"rotation":{"x":0.08375536650419235,"y":-0.4488860070705414,"z":0.0421806201338768,"w":0.8888174295425415},"size":3.3204870223999025,"orthographic":false}