{"cameraMode":{"drawMode":0,"name":"Shaded","section":"Shading Mode"},"sceneLighting":false,"audioPlay":false,"sceneViewState":{"showFog":true,"showMaterialUpdate":false,"showSkybox":false,"showFlares":true,"showImageEffects":true,"showParticleSystems":true},"in2DMode":false,"pivot":{"x":-0.0604216605424881,"y":0.36135992407798769,"z":13.000420570373536},"rotation":{"x":0.06919708102941513,"y":-0.7578505277633667,"z":0.08147720247507096,"w":0.643672525882721},"size":1.1544667482376099,"orthographic":false}