{"cameraMode":{"drawMode":0,"name":"Shaded","section":"Shading Mode"},"sceneLighting":true,"audioPlay":false,"sceneViewState":{"showFog":true,"showMaterialUpdate":false,"showSkybox":true,"showFlares":true,"showImageEffects":true,"showParticleSystems":true},"in2DMode":false,"pivot":{"x":-0.8114930391311646,"y":4.562566757202148,"z":-5.82607364654541},"rotation":{"x":-0.02287653088569641,"y":-0.36755821108818056,"z":-0.009044952690601349,"w":0.9296796917915344},"size":0.9087802767753601,"orthographic":false}