{"cameraMode":{"drawMode":0,"name":"Shaded","section":"Shading Mode"},"sceneLighting":false,"audioPlay":false,"sceneViewState":{"showFog":true,"showMaterialUpdate":false,"showSkybox":false,"showFlares":true,"showImageEffects":true,"showParticleSystems":true},"in2DMode":false,"pivot":{"x":-1.6299998760223389,"y":0.6234846711158752,"z":0.2370002269744873},"rotation":{"x":0.22534294426441194,"y":-0.6969445943832398,"z":0.24762564897537232,"w":0.6341955065727234},"size":7.406308174133301,"orthographic":false}