{"cameraMode":{"drawMode":0,"name":"Shaded","section":"Shading Mode"},"sceneLighting":true,"audioPlay":false,"sceneViewState":{"showFog":true,"showMaterialUpdate":false,"showSkybox":false,"showFlares":true,"showImageEffects":true,"showParticleSystems":true},"in2DMode":false,"pivot":{"x":-19.150583267211915,"y":3.946533441543579,"z":121.11865997314453},"rotation":{"x":0.18073678016662599,"y":-0.6655111312866211,"z":0.17092500627040864,"w":0.703719973564148},"size":415.01422119140627,"orthographic":false}