{"cameraMode":{"drawMode":0,"name":"Shaded","section":"Shading Mode"},"sceneLighting":true,"audioPlay":false,"sceneViewState":{"showFog":true,"showMaterialUpdate":false,"showSkybox":true,"showFlares":true,"showImageEffects":true,"showParticleSystems":true},"in2DMode":false,"pivot":{"x":37.67201232910156,"y":-0.7980803847312927,"z":84.4705810546875},"rotation":{"x":0.2838725745677948,"y":-0.5163341760635376,"z":0.18643003702163697,"w":0.7862002849578857},"size":13.86153507232666,"orthographic":false}