{"cameraMode":{"drawMode":0,"name":"Shaded","section":"Shading Mode"},"sceneLighting":false,"audioPlay":false,"sceneViewState":{"showFog":true,"showMaterialUpdate":false,"showSkybox":false,"showFlares":true,"showImageEffects":true,"showParticleSystems":true},"in2DMode":false,"pivot":{"x":7.198432922363281,"y":2.494837999343872,"z":92.396728515625},"rotation":{"x":0.011990056373178959,"y":-0.9557083249092102,"z":0.039298076182603839,"w":0.2915666997432709},"size":14.578476905822754,"orthographic":false}