{"cameraMode":{"drawMode":0,"name":"Shaded","section":"Shading Mode"},"sceneLighting":true,"audioPlay":false,"sceneViewState":{"showFog":true,"showMaterialUpdate":false,"showSkybox":true,"showFlares":true,"showImageEffects":true,"showParticleSystems":true},"in2DMode":false,"pivot":{"x":-1.6069167852401734,"y":1.6342682838439942,"z":-2.4017817974090578},"rotation":{"x":0.27840831875801089,"y":0.11919080466032028,"z":-0.034842316061258319,"w":0.9524030685424805},"size":3.553776741027832,"orthographic":true}