{"cameraMode":{"drawMode":0,"name":"Shaded","section":"Shading Mode"},"sceneLighting":false,"audioPlay":false,"sceneViewState":{"showFog":true,"showMaterialUpdate":false,"showSkybox":false,"showFlares":true,"showImageEffects":true,"showParticleSystems":true},"in2DMode":false,"pivot":{"x":-0.016086488962173463,"y":0.08119405806064606,"z":1.9995406866073609},"rotation":{"x":0.06919708102941513,"y":-0.7578505277633667,"z":0.08147720247507096,"w":0.643672525882721},"size":0.5001696348190308,"orthographic":false}