{"cameraMode":{"drawMode":0,"name":"Shaded","section":"Shading Mode"},"sceneLighting":false,"audioPlay":false,"sceneViewState":{"showFog":true,"showMaterialUpdate":false,"showSkybox":false,"showFlares":true,"showImageEffects":true,"showParticleSystems":true},"in2DMode":false,"pivot":{"x":-0.23514941334724427,"y":0.8191177248954773,"z":14.968918800354004},"rotation":{"x":0.06919708102941513,"y":-0.7578505277633667,"z":0.08147720247507096,"w":0.643672525882721},"size":0.43962934613227847,"orthographic":false}