{"cameraMode":{"drawMode":0,"name":"Shaded","section":"Shading Mode"},"sceneLighting":false,"audioPlay":false,"sceneViewState":{"showFog":true,"showMaterialUpdate":false,"showSkybox":false,"showFlares":true,"showImageEffects":true,"showParticleSystems":true},"in2DMode":false,"pivot":{"x":1.6776806116104127,"y":4.286899089813232,"z":379.26458740234377},"rotation":{"x":-0.13116715848445893,"y":0.7091227173805237,"z":-0.13697445392608643,"w":-0.6791375279426575},"size":16.942344665527345,"orthographic":false}