{"cameraMode":{"drawMode":0,"name":"Shaded","section":"Shading Mode"},"sceneLighting":true,"audioPlay":false,"sceneViewState":{"showFog":true,"showMaterialUpdate":false,"showSkybox":true,"showFlares":true,"showImageEffects":true,"showParticleSystems":true},"in2DMode":false,"pivot":{"x":-0.40221741795539858,"y":1.5416173934936524,"z":-7.44564151763916},"rotation":{"x":0.08761352300643921,"y":-0.9090350270271301,"z":0.24425822496414185,"w":0.3260645568370819},"size":8.018251419067383,"orthographic":true}